{
    "description": "parameters for an adaptive test", 
    "title": "test parameters", 
    "params": {
        "theta_flat": [
            0.019943234146880675, 
            0.6365284640334731, 
            0.02930590651157439, 
            0.35145809506240056, 
            -0.04775026390507244, 
            0.32499094838823633, 
            0.02981292717406022, 
            0.360670004896622, 
            0.02588211619965227, 
            0.2148009401191787, 
            0.08000018265837244, 
            0.07057303593156693, 
            0.014635883175180735, 
            0.2783722878357411, 
            -0.05305472264717415, 
            0.0006641942259926709, 
            0.014303374124204687, 
            0.02660765476242116, 
            0.01691679918661827, 
            0.026575349796302782, 
            -0.0, 
            0.0, 
            -0.0, 
            0.0, 
            -0.0, 
            0.0, 
            -0.0, 
            0.0, 
            -0.0, 
            0.0, 
            -0.0, 
            0.0, 
            -0.0, 
            0.0, 
            -0.0, 
            0.0, 
            -0.0, 
            0.0, 
            -0.0, 
            0.0, 
            1.0, 
            1.0, 
            1.0, 
            1.0, 
            1.0, 
            1.0, 
            1.0, 
            1.0, 
            1.0, 
            1.0
        ], 
        "num_abilities": 1, 
        "max_length": 15, 
        "max_time_taken": 1000.0, 
        "exercise_ind_dict": {
            "constructions_1": 9, 
            "visualizing-and-interpreting-relationships-between-patterns": 6, 
            "addition_1": 0, 
            "understanding-multiplying-fractions-and-whole-numbers": 3, 
            "identifying_points_1": 1, 
            "volume_1": 2, 
            "slope_intercept_form": 7, 
            "vertical_angles_2": 5, 
            "graphing-proportional-relationships": 8, 
            "coordinate-plane-word-problems": 4
        }
    }, 
    "slug": "Test", 
    "engine_class": "MIRTEngine"
}