{
    "description": "parameters for an adaptive test", 
    "title": "test parameters", 
    "params": {
        "theta_flat": [
            0.3104038938766604, 
            0.6394748125397223, 
            0.012295457821720113, 
            0.35129918470303034, 
            0.05111868029819727, 
            0.322422610878871, 
            0.0590205264198495, 
            0.35898492275321014, 
            -0.02133797023987278, 
            0.2159572579555661, 
            0.14790443083271643, 
            0.06606414765108014, 
            -0.15800738088260793, 
            0.2864874239792452, 
            0.05170577225157427, 
            -0.002032582377548496, 
            0.03270187712141126, 
            0.025507480329443177, 
            0.016935794942657192, 
            0.026121733384577805, 
            0.0, 
            0.0, 
            0.0, 
            0.0, 
            0.0, 
            0.0, 
            0.0, 
            0.0, 
            0.0, 
            0.0, 
            0.0, 
            0.0, 
            0.0, 
            0.0, 
            0.0, 
            0.0, 
            0.0, 
            0.0, 
            0.0, 
            0.0, 
            1.0, 
            1.0, 
            1.0, 
            1.0, 
            1.0, 
            1.0, 
            1.0, 
            1.0, 
            1.0, 
            1.0
        ], 
        "num_abilities": 1, 
        "max_length": 15, 
        "max_time_taken": 1000.0, 
        "exercise_ind_dict": {
            "constructions_1": 9, 
            "visualizing-and-interpreting-relationships-between-patterns": 6, 
            "addition_1": 0, 
            "understanding-multiplying-fractions-and-whole-numbers": 3, 
            "identifying_points_1": 1, 
            "volume_1": 2, 
            "slope_intercept_form": 7, 
            "vertical_angles_2": 5, 
            "graphing-proportional-relationships": 8, 
            "coordinate-plane-word-problems": 4
        }
    }, 
    "slug": "Test", 
    "engine_class": "MIRTEngine"
}